,res_nr,res_name,C1,C2,g_plus,trans,g_minus,g_plus_sim,trans_sim,g_minus_sim
0,9,val,22.313,23.339,0.0,1.0,0.0,0.07868921310786892,0.902440975590244,0.01886981130188698
1,10,val,22.685,20.743,0.0,0.72,0.28,0.03838961610383896,0.8229817701822981,0.13862861371386287
2,152,val,24.025,21.252,0.0,0.69,0.31,0.022879771202287978,0.15236847631523684,0.8247517524824751
3,30,val,19.974,20.811,0.44,0.34,0.22,0.1007789922100779,0.6439135608643913,0.25530744692553076
4,46,val,22.259,21.865,0.0,0.94,0.06,0.04030959690403096,0.9342606573934261,0.025419745802541974
5,86,val,22.472,22.786,0.0,1.0,0.0,0.045809541904580954,0.7879421205787942,0.16624833751662482
6,87,val,19.628,21.982,0.55,0.45,0.0,0.02104978950210498,0.5085149148508515,0.4704352956470435
7,95,val,20.462,22.374,0.31,0.69,0.0,0.008059919400805991,0.990120098799012,0.0018199818001819982
8,101,val,23.119,22.955,0.0,0.98,0.02,0.007039929600703993,0.98480015199848,0.008159918400815992
9,115,val,22.179,20.735,0.0,0.77,0.23,0.06025939740602594,0.5212147878521215,0.4185258147418526
10,121,val,19.833,19.515,0.44,0.0,0.55,0.21837781622183777,0.1810281897181028,0.6005939940600594
11,123,val,22.61,21.129,0.0,0.79,0.21,0.054449455505444944,0.8352216477835221,0.1103288967110329
12,134,leu,25.503,25.781,0.53,0.47,0.0,0.8059219407805922,0.17400825991740082,0.02006979930200698
13,8,leu,23.07,23.693,0.56,0.44,0.0,0.6659533404665954,0.33390666093339066,0.00013999860001399987
14,138,leu,24.152,21.355,0.22,0.78,0.0,0.006659933400665993,0.992430075699243,0.0009099909000909991
15,17,leu,25.788,25.733,0.49,0.51,0.0,0.26578734212657873,0.7155028449715503,0.01870981290187098
16,154,leu,25.091,22.236,0.21,0.79,0.0,0.4915550844491555,0.5067249327506725,0.0017199828001719982
17,50,leu,22.833,22.728,0.49,0.51,0.0,0.6422435775642243,0.35209647903520963,0.005659943400565994
18,68,leu,23.568,23.948,0.54,0.46,0.0,0.24610753892461076,0.7368126318736813,0.01707982920170798
19,90,leu,23.626,23.426,0.48,0.52,0.0,0.6874831251687483,0.3124768752312477,3.999960000399996e-05
20,110,leu,22.638,23.031,0.54,0.46,0.0,0.4151758482415176,0.5813441865581345,0.0034799652003479967
21,122,leu,23.401,22.199,0.38,0.62,0.0,0.5635843641563585,0.4126958730412696,0.023719762802371976
22,142,ile,13.208,,0.0,0.71,0.29,0.0003699963000369996,0.971270287297127,0.028359716402835973
23,74,ile,13.587,,0.0,0.78,0.22,0.14512854871451286,0.5492045079549205,0.3056669433305667
24,100,ile,13.473,,0.0,0.76,0.24,0.0010999890001099988,0.9058609413905861,0.0930390696093039
25,126,ile,13.964,,0.0,0.85,0.15,0.08728912710872891,0.8844811551884482,0.02822971770282297
