,residue,idPDB,chain,atomtype,CS,err1,err2,CS_exp,error_squared,ChiSq
2,LEU,8,A,CD1,24.538,0.169,1.412,23.07,2.155024,1.080893033408502
3,LEU,8,A,HD1,0.649,0.028,0.176,-0.027,0.45697600000000005,14.752582644628102
4,LEU,8,A,CD2,23.125,0.434,1.413,23.693,0.3226240000000016,0.16158920628337992
5,LEU,8,A,HD2,0.187,0.09,0.189,-0.156,0.11764899999999998,3.2935528120713298
6,VAL,9,A,CG1,22.593,0.141,0.959,22.313,0.07840000000000064,0.08524694975757968
7,VAL,9,A,HG1,1.091,0.037,0.157,1.072,0.0003609999999999964,0.014645624568947885
8,VAL,9,A,CG2,22.909,0.14,1.128,23.339,0.18489999999999976,0.14531776570595026
9,VAL,9,A,HG2,0.953,0.026,0.173,0.934,0.0003609999999999964,0.012061879782150972
10,VAL,10,A,CG1,21.465,0.25,0.959,22.685,1.4883999999999973,1.6183872451426062
11,VAL,10,A,HG1,0.681,0.061,0.157,0.709,0.0007839999999999952,0.03180656416081769
12,VAL,10,A,CG2,21.878,0.23,1.128,20.743,1.2882250000000035,1.012449857904535
13,VAL,10,A,HG2,0.787,0.033,0.173,0.677,0.012099999999999998,0.404290153362959
14,LEU,13,A,CD1,24.928,0.242,1.412,21.418,12.32010000000001,6.179379097817981
15,LEU,13,A,HD1,0.883,0.044,0.176,0.796,0.007568999999999994,0.2443504648760329
16,LEU,13,A,CD2,23.282,0.275,1.413,,,
17,LEU,13,A,HD2,0.691,0.052,0.189,0.796,0.01102500000000002,0.3086419753086425
18,LEU,17,A,CD1,25.214,0.233,1.412,25.788,0.3294760000000019,0.16525491738157053
19,LEU,17,A,HD1,0.82,0.033,0.176,0.759,0.003720999999999993,0.1201252582644626
20,LEU,17,A,CD2,23.87,0.203,1.413,25.733,3.4707689999999984,1.7383666680189858
21,LEU,17,A,HD2,0.571,0.04,0.189,0.621,0.0025000000000000044,0.06998684247361507
22,VAL,30,A,CG1,20.716,0.178,0.959,19.974,0.5505640000000013,0.5986467046725998
23,VAL,30,A,HG1,0.91,0.042,0.157,0.752,0.02496400000000001,1.012779423100329
24,VAL,30,A,CG2,20.742,0.373,1.128,20.811,0.00476099999999987,0.003741794929832402
25,VAL,30,A,HG2,0.934,0.046,0.173,0.745,0.035721000000000024,1.1935246750643198
26,THR,35,A,CG2,21.629,0.181,0.704,,,
27,THR,35,A,HG2,1.151,0.028,0.127,,,
28,ALA,37,A,CB,18.042,0.224,0.931,17.245,0.6352090000000009,0.7328536932326222
29,ALA,37,A,HB,1.187,0.031,0.132,,,
30,THR,41,A,CG2,21.593,0.172,0.704,,,
31,THR,41,A,HG2,1.213,0.027,0.127,,,
32,ALA,45,A,CB,18.3,0.163,0.931,17.435,0.7482250000000035,0.8632425778271097
33,ALA,45,A,HB,1.44,0.021,0.132,,,
34,VAL,46,A,CG1,22.003,0.196,0.959,22.259,0.06553600000000012,0.07125949106266208
35,VAL,46,A,HG1,0.678,0.053,0.157,0.881,0.04120899999999998,1.6718325287029892
36,VAL,46,A,CG2,22.151,0.169,1.128,21.865,0.08179600000000078,0.06428562446557078
37,VAL,46,A,HG2,0.861,0.025,0.173,0.389,0.22278399999999998,7.4437502088275584
38,ALA,49,A,CB,18.72,0.183,0.931,17.515,1.452024999999996,1.6752311190743419
39,ALA,49,A,HB,1.237,0.027,0.132,,,
40,LEU,50,A,CD1,24.785,0.171,1.412,22.833,3.8103040000000066,1.9111300146859411
41,LEU,50,A,HD1,0.734,0.031,0.176,-0.028,0.580644,18.74496384297521
42,LEU,50,A,CD2,24.079,0.255,1.413,22.728,1.8252009999999976,0.9141687565017776
43,LEU,50,A,HD2,0.13,0.049,0.189,-0.537,0.44488900000000003,12.454550544497634
44,ALA,53,A,CB,18.429,0.225,0.931,18.473,0.0019360000000000425,0.0022336030347466515
45,ALA,53,A,HB,0.994,0.04,0.132,,,
46,LEU,59,A,CD1,24.579,0.173,1.412,,,
47,LEU,59,A,HD1,0.892,0.023,0.176,0.744,0.021904000000000007,0.707128099173554
48,LEU,59,A,CD2,24.665,0.168,1.413,23.843,0.6756839999999986,0.33842256390838416
49,LEU,59,A,HD2,0.87,0.031,0.189,0.744,0.015876,0.4444444444444444
50,ALA,64,A,CB,18.778,0.117,0.931,17.467,1.718721,1.9829237817576006
51,ALA,64,A,HB,1.476,0.017,0.132,,,
52,LEU,68,A,CD1,24.189,0.174,1.412,23.568,0.38564099999999835,0.19342553507370977
53,LEU,68,A,HD1,0.778,0.027,0.176,0.476,0.09120400000000002,2.944344008264464
54,LEU,68,A,CD2,24.215,0.444,1.413,23.948,0.07128899999999971,0.03570575321964816
55,LEU,68,A,HD2,0.406,0.09,0.189,0.43,0.0005759999999999984,0.01612496850592084
56,THR,69,A,CG2,21.969,0.256,0.704,,,
57,THR,69,A,HG2,1.226,0.043,0.127,,,
58,LEU,72,A,CD1,24.831,0.127,1.412,23.98,0.7242009999999984,0.3632367044113981
59,LEU,72,A,HD1,0.829,0.018,0.176,0.782,0.0022089999999999935,0.07131327479338823
60,LEU,72,A,CD2,24.665,0.158,1.413,,,
61,LEU,72,A,HD2,0.822,0.028,0.189,0.782,0.001599999999999994,0.044791579183113404
62,ILE,74,A,CG2,17.278,0.366,0.812,,,
63,ILE,74,A,HG2,0.738,0.063,0.167,,,
64,ILE,74,A,CD,14.639,0.256,1.059,13.587,1.1067039999999992,0.9868236733390929
65,ILE,74,A,HD1,0.974,0.051,0.173,0.777,0.03880899999999998,1.296702195195295
66,THR,75,A,CG2,21.077,0.183,0.704,,,
67,THR,75,A,HG2,0.982,0.027,0.127,,,
68,THR,78,A,CG2,21.429,0.205,0.704,,,
69,THR,78,A,HG2,1.057,0.032,0.127,,,
70,ALA,79,A,CB,20.021,0.237,0.931,,,
71,ALA,79,A,HB,1.277,0.024,0.132,,,
72,VAL,86,A,CG1,21.99,0.126,0.959,22.472,0.23232400000000278,0.25261367800357165
73,VAL,86,A,HG1,0.807,0.036,0.157,0.889,0.006723999999999994,0.2727899711955858
74,VAL,86,A,CG2,21.636,0.242,1.128,22.786,1.322500000000005,1.0393874805090328
75,VAL,86,A,HG2,0.832,0.035,0.173,0.852,0.0004000000000000007,0.01336496374753586
76,VAL,87,A,CG1,20.979,0.176,0.959,19.628,1.8252009999999976,1.9846022697000347
77,VAL,87,A,HG1,0.721,0.045,0.157,0.007,0.5097959999999999,20.682218345571826
78,VAL,87,A,CG2,20.537,0.399,1.128,21.982,2.088025000000001,1.6410336816558533
79,VAL,87,A,HG2,-0.014,0.06,0.173,-0.175,0.025920999999999993,0.8660830632496908
80,LEU,90,A,CD1,25.254,0.169,1.412,23.626,2.6503840000000003,1.3293502074489005
81,LEU,90,A,HD1,0.906,0.026,0.176,0.335,0.32604099999999997,10.525600464876034
82,LEU,90,A,CD2,22.916,0.212,1.413,23.426,0.26009999999999794,0.130273484162079
83,LEU,90,A,HD2,0.808,0.041,0.189,0.261,0.29920900000000006,8.376277259875144
84,VAL,95,A,CG1,20.876,0.465,0.959,20.462,0.17139600000000121,0.18636461990625142
85,VAL,95,A,HG1,0.475,0.119,0.157,0.201,0.07507599999999998,3.0458030751754626
86,VAL,95,A,CG2,20.794,0.312,1.128,22.374,2.4963999999999946,1.9619863185956403
87,VAL,95,A,HG2,0.31,0.06,0.173,-0.818,1.2723839999999997,42.51341508236158
88,ILE,100,A,CG2,18.341,0.256,0.812,,,
89,ILE,100,A,HG2,1.168,0.041,0.167,,,
90,ILE,100,A,CD,13.799,0.255,1.059,13.473,0.10627599999999918,0.09476397727647565
91,ILE,100,A,HD1,0.342,0.051,0.173,0.145,0.03880900000000002,1.2967021951952962
92,VAL,101,A,CG1,21.969,0.141,0.959,23.119,1.3224999999999967,1.4379986103877287
93,VAL,101,A,HG1,0.814,0.041,0.157,0.959,0.021025000000000005,0.8529757799505053
94,VAL,101,A,CG2,22.936,0.156,1.128,22.955,0.0003609999999999374,0.00028371938031281237
95,VAL,101,A,HG2,0.856,0.037,0.173,0.689,0.02788900000000001,0.9318386848875677
96,ALA,102,A,CB,18.357,0.187,0.931,17.515,0.7089639999999979,0.817946354300664
97,ALA,102,A,HB,1.233,0.033,0.132,,,
98,ALA,109,A,CB,18.943,0.132,0.931,17.483,2.1316000000000024,2.459270779372863
99,ALA,109,A,HB,1.703,0.02,0.132,,,
100,LEU,110,A,CD1,24.549,0.2,1.412,22.638,3.6519209999999918,1.8316900264025835
101,LEU,110,A,HD1,0.827,0.029,0.176,0.699,0.016384,0.5289256198347108
102,LEU,110,A,CD2,24.176,0.189,1.413,23.031,1.311024999999999,0.6566389641429867
103,LEU,110,A,HD2,0.885,0.033,0.189,0.654,0.05336099999999999,1.493827160493827
104,VAL,112,A,CG1,22.017,0.131,0.959,21.663,0.12531599999999943,0.1362602902528153
105,VAL,112,A,HG1,1.086,0.035,0.157,0.895,0.03648100000000002,1.4800194734066299
106,VAL,112,A,CG2,22.637,0.191,1.128,,,
107,VAL,112,A,HG2,0.958,0.03,0.173,0.895,0.003968999999999993,0.1326138527849241
108,VAL,115,A,CG1,20.671,0.201,0.959,22.179,2.2740639999999974,2.472666065733659
109,VAL,115,A,HG1,0.393,0.049,0.157,0.192,0.040401000000000006,1.6390522942107186
110,VAL,115,A,CG2,20.819,0.329,1.128,20.735,0.007055999999999938,0.005545495699411451
111,VAL,115,A,HG2,0.076,0.05,0.173,-0.038,0.012995999999999997,0.43422767215743924
114,VAL,121,A,CG1,21.192,0.138,0.959,19.833,1.8468810000000049,2.008175660908516
115,VAL,121,A,HG1,0.985,0.038,0.157,0.793,0.03686399999999998,1.4955576291127421
116,VAL,121,A,CG2,20.662,0.274,1.128,19.515,1.3156089999999965,1.0339716626427216
117,VAL,121,A,HG2,0.778,0.037,0.173,0.731,0.002209000000000004,0.07380801229576679
118,LEU,122,A,CD1,24.603,0.203,1.412,23.401,1.4448040000000042,0.7246687638934609
119,LEU,122,A,HD1,0.775,0.034,0.176,0.6,0.030625000000000017,0.9886686466942155
120,LEU,122,A,CD2,23.836,0.299,1.413,22.199,2.67976899999999,1.3421870218359546
121,LEU,122,A,HD2,0.72,0.06,0.189,0.524,0.03841599999999998,1.0754458161865563
122,VAL,123,A,CG1,21.94,0.188,0.959,22.61,0.4488999999999975,0.4881040273747066
123,VAL,123,A,HG1,0.725,0.053,0.157,0.294,0.18576099999999998,7.536248935048074
124,VAL,123,A,CG2,22.837,0.313,1.128,21.129,2.9172639999999945,2.2927543886122392
125,VAL,123,A,HG2,0.701,0.046,0.173,0.224,0.22752899999999998,7.602292091282703
126,ILE,126,A,CG2,16.933,0.219,0.812,,,
127,ILE,126,A,HG2,0.714,0.037,0.167,,,
128,ILE,126,A,CD,14.196,0.165,1.059,13.964,0.053823999999999685,0.047993679785925655
129,ILE,126,A,HD1,0.709,0.036,0.173,0.37,0.11492099999999998,3.839787497076414
130,ALA,127,A,CB,19.489,0.174,0.931,17.388,4.414200999999996,5.09275451941192
131,ALA,127,A,HB,1.379,0.027,0.132,,,
132,ALA,128,A,CB,18.742,0.114,0.931,16.701,4.165681000000001,4.806031881914392
133,ALA,128,A,HB,1.408,0.019,0.132,,,
136,ALA,131,A,CB,17.784,0.151,0.931,16.637,1.3156089999999965,1.5178451730061646
137,ALA,131,A,HB,1.373,0.023,0.132,,,
138,THR,132,A,CG2,20.939,0.242,0.704,,,
139,THR,132,A,HG2,0.948,0.045,0.127,,,
140,LEU,134,A,CD1,24.887,0.152,1.412,25.503,0.37945599999999957,0.1903233313805582
141,LEU,134,A,HD1,0.978,0.025,0.176,1.012,0.001156000000000002,0.03731921487603313
142,LEU,134,A,CD2,24.31,0.195,1.413,25.781,2.163841,1.0837797241167222
143,LEU,134,A,HD2,0.962,0.04,0.189,1.0,0.0014440000000000026,0.04042440021276007
144,LEU,138,A,CD1,24.736,0.265,1.412,24.152,0.3410559999999996,0.1710630853309149
145,LEU,138,A,HD1,0.546,0.038,0.176,0.117,0.18404100000000004,5.941406250000002
146,LEU,138,A,CD2,23.441,0.394,1.413,21.355,4.351395999999994,2.1794368238713484
147,LEU,138,A,HD2,0.226,0.075,0.189,-0.392,0.381924,10.691861929957167
148,ILE,142,A,CG2,16.614,0.247,0.812,,,
149,ILE,142,A,HG2,0.163,0.046,0.167,,,
150,ILE,142,A,CD,13.948,0.135,1.059,13.208,0.5476000000000003,0.4882829044807717
151,ILE,142,A,HD1,0.694,0.032,0.173,0.446,0.06150399999999997,2.054996825821109
152,THR,150,A,CG2,21.969,0.192,0.704,,,
153,THR,150,A,HG2,1.207,0.03,0.127,,,
154,VAL,152,A,CG1,21.581,0.165,0.959,24.025,5.973135999999996,6.494791128663087
155,VAL,152,A,HG1,1.002,0.036,0.157,0.986,0.0002560000000000005,0.01038581686883851
156,VAL,152,A,CG2,22.039,0.163,1.128,21.252,0.619369000000004,0.4867783625069194
157,VAL,152,A,HG2,0.848,0.025,0.173,0.747,0.010200999999999997,0.34083998797153253
158,LEU,154,A,CD1,24.618,0.228,1.412,25.091,0.2237290000000024,0.11221551011564294
159,LEU,154,A,HD1,0.822,0.039,0.176,0.737,0.007224999999999994,0.23324509297520643
160,LEU,154,A,CD2,23.442,0.142,1.413,22.236,1.4544359999999987,0.7284676863158742
161,LEU,154,A,HD2,0.738,0.024,0.189,0.712,0.0006760000000000013,0.01892444220486552
162,ALA,159,A,CB,20.251,0.164,0.931,17.611,6.969600000000003,8.040970925087771
163,ALA,159,A,HB,1.34,0.029,0.132,,,
164,ALA,160,A,CB,22.246,0.171,0.931,17.819,19.598328999999996,22.610995418575587
165,ALA,160,A,HB,1.365,0.025,0.132,,,
166,ALA,161,A,CB,20.244,0.273,0.931,17.978,5.134755999999992,5.924073648906667
167,ALA,161,A,HB,1.476,0.035,0.132,,,
