,resID_old,residue,atomtype,element,CS_exp,error_exp,id_seq,idPDB
0,4,MET,H,H,8.288,0.02,0,1.0
1,4,MET,C,C,176.466,0.3,0,1.0
2,4,MET,CA,C,54.999,0.3,0,1.0
3,4,MET,CB,C,31.334,0.3,0,1.0
4,4,MET,N,N,120.233,0.3,0,1.0
5,5,SER,H,H,8.191,0.02,1,2.0
6,5,SER,C,C,175.585,0.3,1,2.0
7,5,SER,CA,C,58.221,0.3,1,2.0
8,5,SER,CB,C,62.221,0.3,1,2.0
9,5,SER,N,N,117.15,0.3,1,2.0
10,6,GLN,H,H,8.334,0.02,2,3.0
11,6,GLN,C,C,176.703,0.3,2,3.0
12,6,GLN,CA,C,55.888,0.3,2,3.0
13,6,GLN,CB,C,27.445,0.3,2,3.0
14,6,GLN,N,N,122.952,0.3,2,3.0
15,7,SER,H,H,8.3,0.02,3,4.0
16,7,SER,C,C,176.059,0.3,3,4.0
17,7,SER,CA,C,59.443,0.3,3,4.0
18,7,SER,CB,C,61.888,0.3,3,4.0
19,7,SER,N,N,117.024,0.3,3,4.0
20,8,ASN,H,H,8.517,0.02,4,5.0
21,8,ASN,C,C,177.049,0.3,4,5.0
22,8,ASN,CA,C,55.11,0.3,4,5.0
23,8,ASN,CB,C,37.454,0.3,4,5.0
24,8,ASN,N,N,122.025,0.3,4,5.0
25,9,ARG,H,H,8.194,0.02,5,6.0
26,9,ARG,C,C,177.144,0.3,5,6.0
27,9,ARG,CA,C,57.366,0.3,5,6.0
28,9,ARG,CB,C,28.348,0.3,5,6.0
29,9,ARG,N,N,119.117,0.3,5,6.0
30,10,GLU,H,H,7.902,0.02,6,7.0
31,10,GLU,C,C,179.178,0.3,6,7.0
32,10,GLU,CA,C,58.332,0.3,6,7.0
33,10,GLU,CB,C,28.112,0.3,6,7.0
34,10,GLU,N,N,117.987,0.3,6,7.0
35,11,LEU,H,H,7.69,0.02,7,8.0
36,11,LEU,HD11,H,0.058,0.02,7,8.0
37,11,LEU,HD12,H,0.058,0.02,7,8.0
38,11,LEU,HD13,H,0.058,0.02,7,8.0
39,11,LEU,C,C,178.161,0.3,7,8.0
40,11,LEU,CA,C,56.999,0.3,7,8.0
41,11,LEU,CB,C,40.222,0.3,7,8.0
42,11,LEU,CD1,C,20.726,0.3,7,8.0
43,11,LEU,N,N,120.359,0.3,7,8.0
44,12,VAL,H,H,7.512,0.02,8,9.0
45,12,VAL,HG11,H,0.986,0.02,8,9.0
46,12,VAL,HG12,H,0.986,0.02,8,9.0
47,12,VAL,HG13,H,0.986,0.02,8,9.0
48,12,VAL,C,C,176.839,0.3,8,9.0
49,12,VAL,CA,C,66.554,0.3,8,9.0
50,12,VAL,CB,C,31.001,0.3,8,9.0
51,12,VAL,CG1,C,23.288,0.3,8,9.0
52,12,VAL,N,N,117.926,0.3,8,9.0
53,13,VAL,H,H,8.254,0.02,9,10.0
54,13,VAL,HG11,H,0.668,0.02,9,10.0
55,13,VAL,HG12,H,0.668,0.02,9,10.0
56,13,VAL,HG13,H,0.668,0.02,9,10.0
57,13,VAL,HG21,H,-0.087,0.02,9,10.0
58,13,VAL,HG22,H,-0.087,0.02,9,10.0
59,13,VAL,HG23,H,-0.087,0.02,9,10.0
60,13,VAL,C,C,178.364,0.3,9,10.0
61,13,VAL,CA,C,65.999,0.3,9,10.0
62,13,VAL,CB,C,30.112,0.3,9,10.0
63,13,VAL,CG1,C,23.451,0.3,9,10.0
64,13,VAL,CG2,C,19.365,0.3,9,10.0
65,13,VAL,N,N,117.73,0.3,9,10.0
66,14,ASP,H,H,8.029,0.02,10,11.0
67,14,ASP,C,C,177.212,0.3,10,11.0
68,14,ASP,CA,C,57.999,0.3,10,11.0
69,14,ASP,CB,C,42.111,0.3,10,11.0
70,14,ASP,N,N,121.346,0.3,10,11.0
71,15,PHE,H,H,8.12,0.02,11,12.0
72,15,PHE,C,C,177.89,0.3,11,12.0
73,15,PHE,CA,C,62.11,0.3,11,12.0
74,15,PHE,CB,C,38.778,0.3,11,12.0
75,15,PHE,N,N,120.632,0.3,11,12.0
76,16,LEU,H,H,8.77,0.02,12,13.0
77,16,LEU,HD11,H,0.833,0.02,12,13.0
78,16,LEU,HD12,H,0.833,0.02,12,13.0
79,16,LEU,HD13,H,0.833,0.02,12,13.0
80,16,LEU,HD21,H,1.092,0.02,12,13.0
81,16,LEU,HD22,H,1.092,0.02,12,13.0
82,16,LEU,HD23,H,1.092,0.02,12,13.0
83,16,LEU,C,C,179.28,0.3,12,13.0
84,16,LEU,CA,C,57.555,0.3,12,13.0
85,16,LEU,CB,C,40.222,0.3,12,13.0
86,16,LEU,CD1,C,23.838,0.3,12,13.0
87,16,LEU,CD2,C,26.066,0.3,12,13.0
88,16,LEU,N,N,117.068,0.3,12,13.0
89,17,SER,H,H,8.407,0.02,13,14.0
90,17,SER,C,C,176.941,0.3,13,14.0
91,17,SER,CA,C,61.777,0.3,13,14.0
92,17,SER,CB,C,60.824,0.3,13,14.0
93,17,SER,N,N,114.398,0.3,13,14.0
94,18,TYR,H,H,8.129,0.02,14,15.0
95,18,TYR,C,C,177.991,0.3,14,15.0
96,18,TYR,CA,C,59.274,0.3,14,15.0
97,18,TYR,CB,C,36.457,0.3,14,15.0
98,18,TYR,N,N,125.435,0.3,14,15.0
99,19,LYS,H,H,8.15,0.02,15,16.0
100,19,LYS,C,C,180.127,0.3,15,16.0
101,19,LYS,CA,C,56.221,0.3,15,16.0
102,19,LYS,CB,C,28.223,0.3,15,16.0
103,19,LYS,N,N,120.549,0.3,15,16.0
104,20,LEU,H,H,8.581,0.02,16,17.0
105,20,LEU,HD11,H,0.88,0.02,16,17.0
106,20,LEU,HD12,H,0.88,0.02,16,17.0
107,20,LEU,HD13,H,0.88,0.02,16,17.0
108,20,LEU,HD21,H,0.874,0.02,16,17.0
109,20,LEU,HD22,H,0.874,0.02,16,17.0
110,20,LEU,HD23,H,0.874,0.02,16,17.0
111,20,LEU,C,C,179.653,0.3,16,17.0
112,20,LEU,CA,C,57.777,0.3,16,17.0
113,20,LEU,CB,C,39.667,0.3,16,17.0
114,20,LEU,CD1,C,25.741,0.3,16,17.0
115,20,LEU,CD2,C,22.201,0.3,16,17.0
116,20,LEU,N,N,118.843,0.3,16,17.0
117,21,SER,H,H,8.272,0.02,17,18.0
118,21,SER,C,C,178.297,0.3,17,18.0
119,21,SER,CA,C,60.492,0.3,17,18.0
120,21,SER,CB,C,61.6,0.3,17,18.0
121,21,SER,N,N,117.814,0.3,17,18.0
122,22,GLN,H,H,7.562,0.02,18,19.0
123,22,GLN,C,C,176.941,0.3,18,19.0
124,22,GLN,CA,C,57.666,0.3,18,19.0
125,22,GLN,CB,C,27.334,0.3,18,19.0
126,22,GLN,N,N,123.182,0.3,18,19.0
127,23,LYS,H,H,7.114,0.02,19,20.0
128,23,LYS,C,C,175.178,0.3,19,20.0
129,23,LYS,CA,C,52.999,0.3,19,20.0
130,23,LYS,CB,C,31.445,0.3,19,20.0
131,23,LYS,N,N,116.732,0.3,19,20.0
132,24,GLY,H,H,7.451,0.02,20,21.0
133,24,GLY,C,C,173.652,0.3,20,21.0
134,24,GLY,CA,C,44.21,0.3,20,21.0
135,24,GLY,N,N,105.804,0.3,20,21.0
136,25,TYR,H,H,7.769,0.02,21,22.0
137,25,TYR,C,C,174.737,0.3,21,22.0
138,25,TYR,CA,C,54.666,0.3,21,22.0
139,25,TYR,CB,C,39.667,0.3,21,22.0
140,25,TYR,N,N,120.097,0.3,21,22.0
141,26,SER,H,H,8.483,0.02,22,23.0
142,26,SER,C,C,174.262,0.3,22,23.0
143,26,SER,CA,C,55.888,0.3,22,23.0
144,26,SER,CB,C,63.888,0.3,22,23.0
145,26,SER,N,N,115.275,0.3,22,23.0
146,27,TRP,H,H,8.928,0.02,23,24.0
147,27,TRP,HE1,H,9.941,0.02,23,24.0
148,27,TRP,C,C,176.669,0.3,23,24.0
149,27,TRP,CA,C,59.385,0.3,23,24.0
150,27,TRP,CB,C,29.479,0.3,23,24.0
151,27,TRP,N,N,127.826,0.3,23,24.0
152,27,TRP,NE1,N,129.222,0.3,23,24.0
153,28,SER,H,H,8.146,0.02,24,25.0
154,28,SER,C,C,174.974,0.3,24,25.0
155,28,SER,CA,C,59.332,0.3,24,25.0
156,28,SER,CB,C,61.888,0.3,24,25.0
157,28,SER,N,N,111.71,0.3,24,25.0
158,29,GLN,H,H,7.319,0.02,25,26.0
159,29,GLN,C,C,175.991,0.3,25,26.0
160,29,GLN,CA,C,56.332,0.3,25,26.0
161,29,GLN,CB,C,27.112,0.3,25,26.0
162,29,GLN,N,N,119.553,0.3,25,26.0
163,30,PHE,H,H,7.109,0.02,26,27.0
164,30,PHE,C,C,174.635,0.3,26,27.0
165,30,PHE,CA,C,55.555,0.3,26,27.0
166,30,PHE,CB,C,38.556,0.3,26,27.0
167,30,PHE,N,N,116.264,0.3,26,27.0
168,31,SER,H,H,7.058,0.02,27,28.0
169,31,SER,C,C,173.313,0.3,27,28.0
170,31,SER,CA,C,56.555,0.3,27,28.0
171,31,SER,CB,C,62.665,0.3,27,28.0
172,31,SER,N,N,114.011,0.3,27,28.0
173,32,ASP,H,H,8.22,0.02,28,29.0
174,32,ASP,C,C,175.991,0.3,28,29.0
175,32,ASP,CA,C,53.333,0.3,28,29.0
176,32,ASP,CB,C,39.889,0.3,28,29.0
177,32,ASP,N,N,123.008,0.3,28,29.0
178,33,VAL,H,H,7.823,0.02,29,30.0
179,33,VAL,HG11,H,0.793,0.02,29,30.0
180,33,VAL,HG12,H,0.793,0.02,29,30.0
181,33,VAL,HG13,H,0.793,0.02,29,30.0
182,33,VAL,C,C,175.788,0.3,29,30.0
183,33,VAL,CA,C,61.332,0.3,29,30.0
184,33,VAL,CB,C,31.889,0.3,29,30.0
185,33,VAL,CG1,C,20.757,0.3,29,30.0
186,33,VAL,N,N,119.57,0.3,29,30.0
187,34,GLU,H,H,8.39,0.02,30,31.0
188,34,GLU,C,C,176.229,0.3,30,31.0
189,34,GLU,CA,C,55.397,0.3,30,31.0
190,34,GLU,CB,C,28.704,0.3,30,31.0
191,34,GLU,N,N,124.976,0.3,30,31.0
192,35,GLU,H,H,8.307,0.02,31,32.0
193,35,GLU,C,C,175.788,0.3,31,32.0
194,35,GLU,CA,C,55.444,0.3,31,32.0
195,35,GLU,CB,C,29.001,0.3,31,32.0
196,35,GLU,N,N,122.629,0.3,31,32.0
197,36,ASN,H,H,8.386,0.02,32,33.0
198,36,ASN,C,C,174.601,0.3,32,33.0
199,36,ASN,CA,C,52.555,0.3,32,33.0
200,36,ASN,CB,C,37.778,0.3,32,33.0
201,36,ASN,N,N,119.996,0.3,32,33.0
202,37,ARG,H,H,8.211,0.02,33,34.0
203,37,ARG,C,C,176.195,0.3,33,34.0
204,37,ARG,CA,C,55.332,0.3,33,34.0
205,37,ARG,CB,C,29.334,0.3,33,34.0
206,37,ARG,N,N,122.424,0.3,33,34.0
207,38,THR,H,H,8.143,0.02,34,35.0
208,38,THR,C,C,174.093,0.3,34,35.0
209,38,THR,CA,C,60.999,0.3,34,35.0
210,38,THR,CB,C,68.887,0.3,34,35.0
211,38,THR,N,N,116.319,0.3,34,35.0
212,39,GLU,H,H,8.27,0.02,35,36.0
213,39,GLU,C,C,175.279,0.3,35,36.0
214,39,GLU,CA,C,55.397,0.3,35,36.0
215,39,GLU,CB,C,28.815,0.3,35,36.0
216,39,GLU,N,N,123.405,0.3,35,36.0
217,40,ALA,H,H,8.17,0.02,36,37.0
218,40,ALA,C,C,175.279,0.3,36,37.0
219,40,ALA,CA,C,49.638,0.3,36,37.0
220,40,ALA,CB,C,17.074,0.3,36,37.0
221,40,ALA,N,N,126.5,0.3,36,37.0
222,42,GLU,H,H,8.48,0.02,37,39.0
223,42,GLU,C,C,176.771,0.3,37,39.0
224,42,GLU,CA,C,55.999,0.3,37,39.0
225,42,GLU,CB,C,29.001,0.3,37,39.0
226,42,GLU,N,N,121.397,0.3,37,39.0
227,43,GLY,H,H,8.388,0.02,38,40.0
228,43,GLY,C,C,174.33,0.3,38,40.0
229,43,GLY,CA,C,44.555,0.3,38,40.0
230,43,GLY,N,N,110.587,0.3,38,40.0
231,44,THR,H,H,8.072,0.02,39,41.0
232,44,THR,C,C,175.279,0.3,39,41.0
233,44,THR,CA,C,61.332,0.3,39,41.0
234,44,THR,CB,C,68.887,0.3,39,41.0
235,44,THR,N,N,113.357,0.3,39,41.0
236,45,GLU,H,H,8.741,0.02,40,42.0
237,45,GLU,C,C,177.076,0.3,40,42.0
238,45,GLU,CA,C,56.505,0.3,40,42.0
239,45,GLU,CB,C,28.04,0.3,40,42.0
240,45,GLU,N,N,123.483,0.3,40,42.0
241,46,SER,H,H,8.297,0.02,41,43.0
242,46,SER,C,C,175.483,0.3,41,43.0
243,46,SER,CA,C,57.999,0.3,41,43.0
244,46,SER,CB,C,62.221,0.3,41,43.0
245,46,SER,N,N,115.38,0.3,41,43.0
246,47,GLU,H,H,8.079,0.02,42,44.0
247,47,GLU,C,C,177.754,0.3,42,44.0
248,47,GLU,CA,C,58.221,0.3,42,44.0
249,47,GLU,CB,C,28.001,0.3,42,44.0
250,47,GLU,N,N,123.104,0.3,42,44.0
251,48,ALA,H,H,8.05,0.02,43,45.0
252,48,ALA,C,C,180.297,0.3,43,45.0
253,48,ALA,CA,C,53.999,0.3,43,45.0
254,48,ALA,CB,C,17.001,0.3,43,45.0
255,48,ALA,N,N,121.082,0.3,43,45.0
256,49,VAL,H,H,7.342,0.02,44,46.0
257,49,VAL,HG11,H,0.319,0.02,44,46.0
258,49,VAL,HG12,H,0.319,0.02,44,46.0
259,49,VAL,HG13,H,0.319,0.02,44,46.0
260,49,VAL,HG21,H,0.857,0.02,44,46.0
261,49,VAL,HG22,H,0.857,0.02,44,46.0
262,49,VAL,HG23,H,0.857,0.02,44,46.0
263,49,VAL,C,C,176.466,0.3,44,46.0
264,49,VAL,CA,C,64.999,0.3,44,46.0
265,49,VAL,CB,C,30.112,0.3,44,46.0
266,49,VAL,CG1,C,21.481,0.3,44,46.0
267,49,VAL,CG2,C,19.686,0.3,44,46.0
268,49,VAL,N,N,118.964,0.3,44,46.0
269,50,LYS,H,H,7.312,0.02,45,47.0
270,50,LYS,C,C,178.669,0.3,45,47.0
271,50,LYS,CA,C,58.443,0.3,45,47.0
272,50,LYS,CB,C,30.778,0.3,45,47.0
273,50,LYS,N,N,118.061,0.3,45,47.0
274,51,GLN,H,H,7.924,0.02,46,48.0
275,51,GLN,C,C,177.212,0.3,46,48.0
276,51,GLN,CA,C,57.888,0.3,46,48.0
277,51,GLN,CB,C,26.89,0.3,46,48.0
278,51,GLN,N,N,116.417,0.3,46,48.0
279,52,ALA,H,H,7.605,0.02,47,49.0
280,52,ALA,C,C,179.076,0.3,47,49.0
281,52,ALA,CA,C,53.999,0.3,47,49.0
282,52,ALA,CB,C,17.113,0.3,47,49.0
283,52,ALA,N,N,120.666,0.3,47,49.0
284,53,LEU,H,H,8.283,0.02,48,50.0
285,53,LEU,HD11,H,-0.439,0.02,48,50.0
286,53,LEU,HD12,H,-0.439,0.02,48,50.0
287,53,LEU,HD13,H,-0.439,0.02,48,50.0
288,53,LEU,HD21,H,0.846,0.02,48,50.0
289,53,LEU,HD22,H,0.846,0.02,48,50.0
290,53,LEU,HD23,H,0.846,0.02,48,50.0
291,53,LEU,C,C,179.178,0.3,48,50.0
292,53,LEU,CA,C,57.332,0.3,48,50.0
293,53,LEU,CB,C,40.889,0.3,48,50.0
294,53,LEU,CD1,C,22.345,0.3,48,50.0
295,53,LEU,CD2,C,21.488,0.3,48,50.0
296,53,LEU,N,N,119.883,0.3,48,50.0
297,54,ARG,H,H,8.011,0.02,49,51.0
298,54,ARG,C,C,178.432,0.3,49,51.0
299,54,ARG,CA,C,59.666,0.3,49,51.0
300,54,ARG,CB,C,29.334,0.3,49,51.0
301,54,ARG,N,N,118.692,0.3,49,51.0
302,55,GLU,H,H,7.802,0.02,50,52.0
303,55,GLU,C,C,179.788,0.3,50,52.0
304,55,GLU,CA,C,58.11,0.3,50,52.0
305,55,GLU,CB,C,27.89,0.3,50,52.0
306,55,GLU,N,N,116.799,0.3,50,52.0
307,56,ALA,H,H,8.795,0.02,51,53.0
308,56,ALA,C,C,180.161,0.3,51,53.0
309,56,ALA,CA,C,54.29,0.3,51,53.0
310,56,ALA,CB,C,18.071,0.3,51,53.0
311,56,ALA,N,N,124.583,0.3,51,53.0
312,57,GLY,H,H,8.949,0.02,52,54.0
313,57,GLY,C,C,175.673,0.3,52,54.0
314,57,GLY,CA,C,46.333,0.3,52,54.0
315,57,GLY,N,N,107.341,0.3,52,54.0
316,58,ASP,H,H,8.129,0.02,53,55.0
317,58,ASP,C,C,175.822,0.3,53,55.0
318,58,ASP,CA,C,62.448,0.3,53,55.0
319,58,ASP,CB,C,38.604,0.3,53,55.0
320,58,ASP,N,N,122.494,0.3,53,55.0
321,59,GLU,H,H,8.691,0.02,54,56.0
322,59,GLU,C,C,177.367,0.3,54,56.0
323,59,GLU,CA,C,57.391,0.3,54,56.0
324,59,GLU,CB,C,27.929,0.3,54,56.0
325,59,GLU,N,N,123.198,0.3,54,56.0
326,60,PHE,H,H,7.939,0.02,55,57.0
327,60,PHE,C,C,175.163,0.3,55,57.0
328,60,PHE,CA,C,61.888,0.3,55,57.0
329,60,PHE,N,N,113.232,0.3,55,57.0
330,61,GLU,H,H,8.43,0.02,56,58.0
331,61,GLU,C,C,177.867,0.3,56,58.0
332,61,GLU,CA,C,58.176,0.3,56,58.0
333,61,GLU,CB,C,28.63,0.3,56,58.0
334,61,GLU,N,N,117.778,0.3,56,58.0
335,62,LEU,H,H,8.147,0.02,57,59.0
336,62,LEU,HD11,H,0.853,0.02,57,59.0
337,62,LEU,HD12,H,0.853,0.02,57,59.0
338,62,LEU,HD13,H,0.853,0.02,57,59.0
339,62,LEU,HD21,H,1.01,0.02,57,59.0
340,62,LEU,HD22,H,1.01,0.02,57,59.0
341,62,LEU,HD23,H,1.01,0.02,57,59.0
342,62,LEU,C,C,174.414,0.3,57,59.0
343,62,LEU,CA,C,61.699,0.3,57,59.0
344,62,LEU,CB,C,38.559,0.3,57,59.0
345,62,LEU,CD1,C,24.887,0.3,57,59.0
346,62,LEU,CD2,C,23.764,0.3,57,59.0
347,62,LEU,N,N,120.279,0.3,57,59.0
348,63,ARG,H,H,8.266,0.02,58,60.0
349,63,ARG,C,C,176.243,0.3,58,60.0
350,63,ARG,CA,C,55.409,0.3,58,60.0
351,63,ARG,CB,C,29.007,0.3,58,60.0
352,63,ARG,N,N,122.704,0.3,58,60.0
353,64,TYR,H,H,7.057,0.02,59,61.0
354,64,TYR,C,C,174.883,0.3,59,61.0
355,64,TYR,CA,C,61.125,0.3,59,61.0
356,64,TYR,N,N,113.706,0.3,59,61.0
357,65,ARG,H,H,8.451,0.02,60,62.0
358,65,ARG,C,C,177.982,0.3,60,62.0
359,65,ARG,CA,C,55.397,0.3,60,62.0
360,65,ARG,CB,C,28.372,0.3,60,62.0
361,65,ARG,N,N,125.729,0.3,60,62.0
362,66,ARG,H,H,7.946,0.02,61,63.0
363,66,ARG,C,C,173.891,0.3,61,63.0
364,66,ARG,CA,C,55.598,0.3,61,63.0
365,66,ARG,CB,C,28.569,0.3,61,63.0
366,66,ARG,N,N,125.081,0.3,61,63.0
367,67,ALA,H,H,8.393,0.02,62,64.0
368,67,ALA,C,C,173.823,0.3,62,64.0
369,67,ALA,CA,C,51.527,0.3,62,64.0
370,67,ALA,CB,C,17.628,0.3,62,64.0
371,67,ALA,N,N,125.459,0.3,62,64.0
372,68,PHE,H,H,8.375,0.02,63,65.0
373,68,PHE,C,C,175.254,0.3,63,65.0
374,68,PHE,CA,C,55.516,0.3,63,65.0
375,68,PHE,CB,C,29.453,0.3,63,65.0
376,68,PHE,N,N,123.051,0.3,63,65.0
377,69,SER,H,H,8.223,0.02,64,66.0
378,69,SER,C,C,173.891,0.3,64,66.0
379,69,SER,CA,C,58.36,0.3,64,66.0
380,69,SER,CB,C,62.227,0.3,64,66.0
381,69,SER,N,N,116.768,0.3,64,66.0
382,70,ASP,H,H,7.978,0.02,65,67.0
383,70,ASP,C,C,174.777,0.3,65,67.0
384,70,ASP,CA,C,58.176,0.3,65,67.0
385,70,ASP,N,N,123.072,0.3,65,67.0
386,71,LEU,H,H,8.117,0.02,66,68.0
387,71,LEU,HD11,H,0.044,0.02,66,68.0
388,71,LEU,HD12,H,0.044,0.02,66,68.0
389,71,LEU,HD13,H,0.044,0.02,66,68.0
390,71,LEU,HD21,H,0.859,0.02,66,68.0
391,71,LEU,HD22,H,0.859,0.02,66,68.0
392,71,LEU,HD23,H,0.859,0.02,66,68.0
393,71,LEU,C,C,176.186,0.3,66,68.0
394,71,LEU,CA,C,55.444,0.3,66,68.0
395,71,LEU,CB,C,38.399,0.3,66,68.0
396,71,LEU,CD1,C,23.906,0.3,66,68.0
397,71,LEU,CD2,C,23.407,0.3,66,68.0
398,71,LEU,N,N,120.24,0.3,66,68.0
399,72,THR,H,H,8.224,0.02,67,69.0
400,72,THR,C,C,173.966,0.3,67,69.0
401,72,THR,CA,C,60.999,0.3,67,69.0
402,72,THR,CB,C,68.776,0.3,67,69.0
403,72,THR,N,N,117.282,0.3,67,69.0
404,73,SER,H,H,8.154,0.02,68,70.0
405,73,SER,C,C,176.306,0.3,68,70.0
406,73,SER,CA,C,61.078,0.3,68,70.0
407,73,SER,CB,C,68.998,0.3,68,70.0
408,73,SER,N,N,116.754,0.3,68,70.0
409,74,GLN,H,H,8.362,0.02,69,71.0
410,74,GLN,C,C,175.368,0.3,69,71.0
411,74,GLN,CA,C,55.009,0.3,69,71.0
412,74,GLN,CB,C,29.6,0.3,69,71.0
413,74,GLN,N,N,124.124,0.3,69,71.0
414,75,LEU,H,H,7.082,0.02,70,72.0
415,75,LEU,HD11,H,-0.09,0.02,70,72.0
416,75,LEU,HD12,H,-0.09,0.02,70,72.0
417,75,LEU,HD13,H,-0.09,0.02,70,72.0
418,75,LEU,HD21,H,0.776,0.02,70,72.0
419,75,LEU,HD22,H,0.776,0.02,70,72.0
420,75,LEU,HD23,H,0.776,0.02,70,72.0
421,75,LEU,C,C,175.504,0.3,70,72.0
422,75,LEU,CA,C,54.567,0.3,70,72.0
423,75,LEU,CB,C,40.574,0.3,70,72.0
424,75,LEU,CD1,C,20.635,0.3,70,72.0
425,75,LEU,CD2,C,25.838,0.3,70,72.0
426,75,LEU,N,N,118.186,0.3,70,72.0
427,76,HIS,H,H,7.115,0.02,71,73.0
428,76,HIS,C,C,176.095,0.3,71,73.0
429,76,HIS,CA,C,53.02,0.3,71,73.0
430,76,HIS,CB,C,40.205,0.3,71,73.0
431,76,HIS,N,N,116.081,0.3,71,73.0
432,77,ILE,H,H,7.825,0.02,72,74.0
433,77,ILE,HD11,H,0.734,0.02,72,74.0
434,77,ILE,HD12,H,0.734,0.02,72,74.0
435,77,ILE,HD13,H,0.734,0.02,72,74.0
436,77,ILE,C,C,175.924,0.3,72,74.0
437,77,ILE,CA,C,61.133,0.3,72,74.0
438,77,ILE,CB,C,40.205,0.3,72,74.0
439,77,ILE,CD1,C,12.862,0.3,72,74.0
440,77,ILE,N,N,119.426,0.3,72,74.0
441,78,THR,H,H,7.057,0.02,73,75.0
442,78,THR,C,C,173.459,0.3,73,75.0
443,78,THR,CA,C,56.541,0.3,73,75.0
444,78,THR,CB,C,62.486,0.3,73,75.0
445,78,THR,N,N,113.922,0.3,73,75.0
446,80,GLY,H,H,8.47,0.02,74,77.0
447,80,GLY,C,C,174.709,0.3,74,77.0
448,80,GLY,CA,C,44.778,0.3,74,77.0
449,80,GLY,N,N,109.674,0.3,74,77.0
450,81,THR,H,H,7.456,0.02,75,78.0
451,81,THR,C,C,175.551,0.3,75,78.0
452,81,THR,CA,C,60.443,0.3,75,78.0
453,81,THR,CB,C,69.665,0.3,75,78.0
454,81,THR,N,N,108.257,0.3,75,78.0
455,82,ALA,H,H,7.7,0.02,76,79.0
456,82,ALA,C,C,177.381,0.3,76,79.0
457,82,ALA,CA,C,55.508,0.3,76,79.0
458,82,ALA,CB,C,18.403,0.3,76,79.0
459,82,ALA,N,N,126.644,0.3,76,79.0
460,83,TYR,H,H,8.732,0.02,77,80.0
461,83,TYR,C,C,176.432,0.3,77,80.0
462,83,TYR,CA,C,60.665,0.3,77,80.0
463,83,TYR,CB,C,35.667,0.3,77,80.0
464,83,TYR,N,N,118.342,0.3,77,80.0
465,84,GLN,H,H,8.067,0.02,78,81.0
466,84,GLN,C,C,178.703,0.3,78,81.0
467,84,GLN,CA,C,57.888,0.3,78,81.0
468,84,GLN,CB,C,26.556,0.3,78,81.0
469,84,GLN,N,N,118.304,0.3,78,81.0
470,85,SER,H,H,7.95,0.02,79,82.0
471,85,SER,C,C,174.141,0.3,79,82.0
472,85,SER,CA,C,61.821,0.3,79,82.0
473,85,SER,CB,C,61.821,0.3,79,82.0
474,85,SER,N,N,115.707,0.3,79,82.0
475,86,PHE,H,H,8.249,0.02,80,83.0
476,86,PHE,C,C,175.178,0.3,80,83.0
477,86,PHE,CA,C,61.443,0.3,80,83.0
478,86,PHE,CB,C,38.111,0.3,80,83.0
479,86,PHE,N,N,122.186,0.3,80,83.0
480,87,GLU,H,H,8.429,0.02,81,84.0
481,87,GLU,C,C,177.822,0.3,81,84.0
482,87,GLU,CA,C,58.11,0.3,81,84.0
483,87,GLU,CB,C,28.334,0.3,81,84.0
484,87,GLU,N,N,117.971,0.3,81,84.0
485,88,GLN,H,H,7.729,0.02,82,85.0
486,88,GLN,C,C,179.076,0.3,82,85.0
487,88,GLN,CA,C,57.777,0.3,82,85.0
488,88,GLN,CB,C,27.89,0.3,82,85.0
489,88,GLN,N,N,116.466,0.3,82,85.0
490,89,VAL,H,H,7.605,0.02,83,86.0
491,89,VAL,HG11,H,-0.582,0.02,83,86.0
492,89,VAL,HG12,H,-0.582,0.02,83,86.0
493,89,VAL,HG13,H,-0.582,0.02,83,86.0
494,89,VAL,HG21,H,0.726,0.02,83,86.0
495,89,VAL,HG22,H,0.726,0.02,83,86.0
496,89,VAL,HG23,H,0.726,0.02,83,86.0
497,89,VAL,C,C,177.652,0.3,83,86.0
498,89,VAL,CA,C,65.999,0.3,83,86.0
499,89,VAL,CB,C,30.334,0.3,83,86.0
500,89,VAL,CG1,C,19.74,0.3,83,86.0
501,89,VAL,CG2,C,20.706,0.3,83,86.0
502,89,VAL,N,N,118.872,0.3,83,86.0
503,90,VAL,H,H,7.693,0.02,84,87.0
504,90,VAL,HG11,H,0.108,0.02,84,87.0
505,90,VAL,HG12,H,0.108,0.02,84,87.0
506,90,VAL,HG13,H,0.108,0.02,84,87.0
507,90,VAL,HG21,H,0.118,0.02,84,87.0
508,90,VAL,HG22,H,0.118,0.02,84,87.0
509,90,VAL,HG23,H,0.118,0.02,84,87.0
510,90,VAL,C,C,176.805,0.3,84,87.0
511,90,VAL,CA,C,65.809,0.3,84,87.0
512,90,VAL,CB,C,29.922,0.3,84,87.0
513,90,VAL,CG1,C,21.156,0.3,84,87.0
514,90,VAL,CG2,C,22.278,0.3,84,87.0
515,90,VAL,N,N,116.857,0.3,84,87.0
516,91,ASN,H,H,8.128,0.02,85,88.0
517,91,ASN,C,C,177.856,0.3,85,88.0
518,91,ASN,CA,C,54.333,0.3,85,88.0
519,91,ASN,CB,C,36.445,0.3,85,88.0
520,91,ASN,N,N,116.756,0.3,85,88.0
521,92,GLU,H,H,6.951,0.02,86,89.0
522,92,GLU,C,C,178.127,0.3,86,89.0
523,92,GLU,CA,C,56.888,0.3,86,89.0
524,92,GLU,CB,C,28.223,0.3,86,89.0
525,92,GLU,N,N,118.891,0.3,86,89.0
526,93,LEU,H,H,8.094,0.02,87,90.0
527,93,LEU,HD11,H,0.317,0.02,87,90.0
528,93,LEU,HD12,H,0.317,0.02,87,90.0
529,93,LEU,HD13,H,0.317,0.02,87,90.0
530,93,LEU,HD21,H,0.771,0.02,87,90.0
531,93,LEU,HD22,H,0.771,0.02,87,90.0
532,93,LEU,HD23,H,0.771,0.02,87,90.0
533,93,LEU,C,C,174.296,0.3,87,90.0
534,93,LEU,CA,C,57.059,0.3,87,90.0
535,93,LEU,CB,C,40.555,0.3,87,90.0
536,93,LEU,CD1,C,21.232,0.3,87,90.0
537,93,LEU,CD2,C,21.189,0.3,87,90.0
538,93,LEU,N,N,124.958,0.3,87,90.0
539,94,PHE,H,H,6.815,0.02,88,91.0
540,94,PHE,C,C,177.788,0.3,88,91.0
541,94,PHE,CA,C,55.444,0.3,88,91.0
542,94,PHE,CB,C,36.556,0.3,88,91.0
543,94,PHE,N,N,108.419,0.3,88,91.0
544,95,ARG,H,H,7.085,0.02,89,92.0
545,95,ARG,C,C,177.008,0.3,89,92.0
546,95,ARG,CA,C,58.777,0.3,89,92.0
547,95,ARG,CB,C,28.445,0.3,89,92.0
548,95,ARG,N,N,122.279,0.3,89,92.0
549,96,ASP,H,H,8.178,0.02,90,93.0
550,96,ASP,C,C,175.686,0.3,90,93.0
551,96,ASP,CA,C,52.137,0.3,90,93.0
552,96,ASP,CB,C,36.965,0.3,90,93.0
553,96,ASP,N,N,125.582,0.3,90,93.0
554,97,GLY,H,H,7.176,0.02,91,94.0
555,97,GLY,C,C,171.279,0.3,91,94.0
556,97,GLY,CA,C,43.778,0.3,91,94.0
557,97,GLY,N,N,106.837,0.3,91,94.0
558,98,VAL,H,H,7.916,0.02,92,95.0
559,98,VAL,HG11,H,-0.693,0.02,92,95.0
560,98,VAL,HG12,H,-0.693,0.02,92,95.0
561,98,VAL,HG13,H,-0.693,0.02,92,95.0
562,98,VAL,HG21,H,0.243,0.02,92,95.0
563,98,VAL,HG22,H,0.243,0.02,92,95.0
564,98,VAL,HG23,H,0.243,0.02,92,95.0
565,98,VAL,C,C,173.856,0.3,92,95.0
566,98,VAL,CA,C,60.777,0.3,92,95.0
567,98,VAL,CB,C,32.556,0.3,92,95.0
568,98,VAL,CG1,C,22.958,0.3,92,95.0
569,98,VAL,CG2,C,20.43,0.3,92,95.0
570,98,VAL,N,N,119.12,0.3,92,95.0
571,99,ASN,H,H,6.147,0.02,93,96.0
572,99,ASN,C,C,174.805,0.3,93,96.0
573,99,ASN,CA,C,51.444,0.3,93,96.0
574,99,ASN,CB,C,39.111,0.3,93,96.0
575,99,ASN,N,N,115.92,0.3,93,96.0
576,100,TRP,H,H,8.475,0.02,94,97.0
577,100,TRP,HE1,H,10.126,0.02,94,97.0
578,100,TRP,C,C,178.161,0.3,94,97.0
579,100,TRP,CA,C,60.11,0.3,94,97.0
580,100,TRP,CB,C,29.667,0.3,94,97.0
581,100,TRP,N,N,118.802,0.3,94,97.0
582,100,TRP,NE1,N,128.868,0.3,94,97.0
583,101,GLY,H,H,8.354,0.02,95,98.0
584,101,GLY,C,C,175.585,0.3,95,98.0
585,101,GLY,CA,C,47.111,0.3,95,98.0
586,101,GLY,N,N,107.364,0.3,95,98.0
587,102,ARG,H,H,8.316,0.02,96,99.0
588,102,ARG,C,C,177.28,0.3,96,99.0
589,102,ARG,CA,C,58.332,0.3,96,99.0
590,102,ARG,CB,C,30.001,0.3,96,99.0
591,102,ARG,N,N,121.265,0.3,96,99.0
592,103,ILE,H,H,7.542,0.02,97,100.0
593,103,ILE,HD11,H,0.223,0.02,97,100.0
594,103,ILE,HD12,H,0.223,0.02,97,100.0
595,103,ILE,HD13,H,0.223,0.02,97,100.0
596,103,ILE,C,C,175.831,0.3,97,100.0
597,103,ILE,CA,C,66.221,0.3,97,100.0
598,103,ILE,CB,C,36.228,0.3,97,100.0
599,103,ILE,CD1,C,13.464,0.3,97,100.0
600,103,ILE,N,N,120.33,0.3,97,100.0
601,104,VAL,H,H,7.951,0.02,98,101.0
602,104,VAL,HG11,H,0.373,0.02,98,101.0
603,104,VAL,HG12,H,0.373,0.02,98,101.0
604,104,VAL,HG13,H,0.373,0.02,98,101.0
605,104,VAL,HG21,H,0.94,0.02,98,101.0
606,104,VAL,HG22,H,0.94,0.02,98,101.0
607,104,VAL,HG23,H,0.94,0.02,98,101.0
608,104,VAL,C,C,177.178,0.3,98,101.0
609,104,VAL,CA,C,66.281,0.3,98,101.0
610,104,VAL,CB,C,30.557,0.3,98,101.0
611,104,VAL,CG1,C,24.917,0.3,98,101.0
612,104,VAL,CG2,C,22.365,0.3,98,101.0
613,104,VAL,N,N,119.232,0.3,98,101.0
614,105,ALA,H,H,8.033,0.02,99,102.0
615,105,ALA,C,C,180.263,0.3,99,102.0
616,105,ALA,CA,C,58.397,0.3,99,102.0
617,105,ALA,CB,C,17.182,0.3,99,102.0
618,105,ALA,N,N,121.19,0.3,99,102.0
619,106,PHE,H,H,7.317,0.02,100,103.0
620,106,PHE,C,C,176.369,0.3,100,103.0
621,106,PHE,CA,C,59.281,0.3,100,103.0
622,106,PHE,CB,C,26.801,0.3,100,103.0
623,106,PHE,N,N,118.706,0.3,100,103.0
624,107,PHE,H,H,7.982,0.02,101,104.0
625,107,PHE,C,C,177.504,0.3,101,104.0
626,107,PHE,CA,C,55.156,0.3,101,104.0
627,107,PHE,CB,C,36.861,0.3,101,104.0
628,107,PHE,N,N,120.457,0.3,101,104.0
629,108,SER,H,H,8.478,0.02,102,105.0
630,108,SER,C,C,177.163,0.3,102,105.0
631,108,SER,CA,C,59.06,0.3,102,105.0
632,108,SER,CB,C,58.671,0.3,102,105.0
633,108,SER,N,N,121.615,0.3,102,105.0
634,109,PHE,H,H,7.904,0.02,103,106.0
635,109,PHE,C,C,177.163,0.3,103,106.0
636,109,PHE,CA,C,59.796,0.3,103,106.0
637,109,PHE,CB,C,35.175,0.3,103,106.0
638,109,PHE,N,N,120.267,0.3,103,106.0
639,110,GLY,H,H,8.001,0.02,104,107.0
640,110,GLY,C,C,176.195,0.3,104,107.0
641,110,GLY,CA,C,46.889,0.3,104,107.0
642,110,GLY,N,N,107.421,0.3,104,107.0
643,111,GLY,H,H,8.865,0.02,105,108.0
644,111,GLY,C,C,173.991,0.3,105,108.0
645,111,GLY,CA,C,46.777,0.3,105,108.0
646,111,GLY,N,N,107.774,0.3,105,108.0
647,112,ALA,H,H,8.104,0.02,106,109.0
648,112,ALA,C,C,179.449,0.3,106,109.0
649,112,ALA,CA,C,56.998,0.3,106,109.0
650,112,ALA,CB,C,17.335,0.3,106,109.0
651,112,ALA,N,N,124.916,0.3,106,109.0
652,113,LEU,H,H,8.056,0.02,107,110.0
653,113,LEU,HD11,H,0.356,0.02,107,110.0
654,113,LEU,HD12,H,0.356,0.02,107,110.0
655,113,LEU,HD13,H,0.356,0.02,107,110.0
656,113,LEU,HD21,H,0.876,0.02,107,110.0
657,113,LEU,HD22,H,0.876,0.02,107,110.0
658,113,LEU,HD23,H,0.876,0.02,107,110.0
659,113,LEU,C,C,175.578,0.3,107,110.0
660,113,LEU,CA,C,56.556,0.3,107,110.0
661,113,LEU,CB,C,40.132,0.3,107,110.0
662,113,LEU,CD1,C,21.504,0.3,107,110.0
663,113,LEU,CD2,C,22.945,0.3,107,110.0
664,113,LEU,N,N,119.236,0.3,107,110.0
665,114,CYS,H,H,7.94,0.02,108,111.0
666,114,CYS,HG,H,3.549,0.02,108,111.0
667,114,CYS,C,C,178.981,0.3,108,111.0
668,114,CYS,CA,C,56.335,0.3,108,111.0
669,114,CYS,CB,C,28.937,0.3,108,111.0
670,114,CYS,N,N,120.751,0.3,108,111.0
671,115,VAL,H,H,8.187,0.02,109,112.0
672,115,VAL,HG11,H,0.703,0.02,109,112.0
673,115,VAL,HG12,H,0.703,0.02,109,112.0
674,115,VAL,HG13,H,0.703,0.02,109,112.0
675,115,VAL,HG21,H,1.099,0.02,109,112.0
676,115,VAL,HG22,H,1.099,0.02,109,112.0
677,115,VAL,HG23,H,1.099,0.02,109,112.0
678,115,VAL,C,C,177.208,0.3,109,112.0
679,115,VAL,CA,C,62.01,0.3,109,112.0
680,115,VAL,CB,C,28.495,0.3,109,112.0
681,115,VAL,CG1,C,22.142,0.3,109,112.0
682,115,VAL,CG2,C,22.142,0.3,109,112.0
683,115,VAL,N,N,118.05,0.3,109,112.0
684,116,GLU,H,H,8.133,0.02,110,113.0
685,116,GLU,C,C,178.004,0.3,110,113.0
686,116,GLU,CA,C,57.513,0.3,110,113.0
687,116,GLU,CB,C,27.98,0.3,110,113.0
688,116,GLU,N,N,120.041,0.3,110,113.0
689,117,SER,H,H,7.614,0.02,111,114.0
690,117,SER,C,C,175.178,0.3,111,114.0
691,117,SER,CA,C,62.332,0.3,111,114.0
692,117,SER,CB,C,60.777,0.3,111,114.0
693,117,SER,N,N,114.216,0.3,111,114.0
694,118,VAL,H,H,7.225,0.02,112,115.0
695,118,VAL,HG11,H,-0.058,0.02,112,115.0
696,118,VAL,HG12,H,-0.058,0.02,112,115.0
697,118,VAL,HG13,H,-0.058,0.02,112,115.0
698,118,VAL,HG21,H,0.104,0.02,112,115.0
699,118,VAL,HG22,H,0.104,0.02,112,115.0
700,118,VAL,HG23,H,0.104,0.02,112,115.0
701,118,VAL,C,C,179.076,0.3,112,115.0
702,118,VAL,CA,C,65.776,0.3,112,115.0
703,118,VAL,CB,C,30.112,0.3,112,115.0
704,118,VAL,CG1,C,19.392,0.3,112,115.0
705,118,VAL,CG2,C,23.163,0.3,112,115.0
706,118,VAL,N,N,121.176,0.3,112,115.0
707,119,ASP,H,H,8.194,0.02,113,116.0
708,119,ASP,C,C,177.551,0.3,113,116.0
709,119,ASP,CA,C,56.555,0.3,113,116.0
710,119,ASP,CB,C,40.222,0.3,113,116.0
711,119,ASP,N,N,122.742,0.3,113,116.0
712,120,LYS,H,H,7.573,0.02,114,117.0
713,120,LYS,C,C,174.974,0.3,114,117.0
714,120,LYS,CA,C,53.888,0.3,114,117.0
715,120,LYS,CB,C,29.89,0.3,114,117.0
716,120,LYS,N,N,115.428,0.3,114,117.0
717,121,GLU,H,H,7.714,0.02,115,118.0
718,121,GLU,C,C,175.822,0.3,115,118.0
719,121,GLU,CA,C,56.777,0.3,115,118.0
720,121,GLU,CB,C,24.89,0.3,115,118.0
721,121,GLU,N,N,114.162,0.3,115,118.0
722,122,MET,H,H,8.573,0.02,116,119.0
723,122,MET,C,C,176.635,0.3,116,119.0
724,122,MET,CA,C,52.666,0.3,116,119.0
725,122,MET,CB,C,31.001,0.3,116,119.0
726,122,MET,N,N,119.824,0.3,116,119.0
727,123,GLN,H,H,8.687,0.02,117,120.0
728,123,GLN,C,C,177.042,0.3,117,120.0
729,123,GLN,CA,C,59.11,0.3,117,120.0
730,123,GLN,CB,C,26.223,0.3,117,120.0
731,123,GLN,N,N,119.524,0.3,117,120.0
732,124,VAL,H,H,7.821,0.02,118,121.0
733,124,VAL,HG11,H,0.803,0.02,118,121.0
734,124,VAL,HG12,H,0.803,0.02,118,121.0
735,124,VAL,HG13,H,0.803,0.02,118,121.0
736,124,VAL,HG21,H,0.799,0.02,118,121.0
737,124,VAL,HG22,H,0.799,0.02,118,121.0
738,124,VAL,HG23,H,0.799,0.02,118,121.0
739,124,VAL,C,C,175.279,0.3,118,121.0
740,124,VAL,CA,C,62.665,0.3,118,121.0
741,124,VAL,CB,C,30.001,0.3,118,121.0
742,124,VAL,CG1,C,19.939,0.3,118,121.0
743,124,VAL,CG2,C,19.313,0.3,118,121.0
744,124,VAL,N,N,118.46,0.3,118,121.0
745,125,LEU,H,H,7.832,0.02,119,122.0
746,125,LEU,HD11,H,0.343,0.02,119,122.0
747,125,LEU,HD12,H,0.343,0.02,119,122.0
748,125,LEU,HD13,H,0.343,0.02,119,122.0
749,125,LEU,HD21,H,0.811,0.02,119,122.0
750,125,LEU,HD22,H,0.811,0.02,119,122.0
751,125,LEU,HD23,H,0.811,0.02,119,122.0
752,125,LEU,C,C,177.788,0.3,119,122.0
753,125,LEU,CA,C,55.11,0.3,119,122.0
754,125,LEU,CB,C,40.222,0.3,119,122.0
755,125,LEU,CD1,C,22.737,0.3,119,122.0
756,125,LEU,CD2,C,22.811,0.3,119,122.0
757,125,LEU,N,N,116.533,0.3,119,122.0
758,126,VAL,H,H,7.301,0.02,120,123.0
759,126,VAL,HG11,H,0.352,0.02,120,123.0
760,126,VAL,HG12,H,0.352,0.02,120,123.0
761,126,VAL,HG13,H,0.352,0.02,120,123.0
762,126,VAL,HG21,H,0.811,0.02,120,123.0
763,126,VAL,HG22,H,0.811,0.02,120,123.0
764,126,VAL,HG23,H,0.811,0.02,120,123.0
765,126,VAL,C,C,176.703,0.3,120,123.0
766,126,VAL,CA,C,67.221,0.3,120,123.0
767,126,VAL,CB,C,29.667,0.3,120,123.0
768,126,VAL,CG1,C,21.224,0.3,120,123.0
769,126,VAL,CG2,C,19.667,0.3,120,123.0
770,126,VAL,N,N,119.976,0.3,120,123.0
771,127,SER,H,H,8.409,0.02,121,124.0
772,127,SER,C,C,177.042,0.3,121,124.0
773,127,SER,CA,C,59.888,0.3,121,124.0
774,127,SER,CB,C,61.443,0.3,121,124.0
775,127,SER,N,N,110.939,0.3,121,124.0
776,128,ARG,H,H,6.44,0.02,122,125.0
777,128,ARG,C,C,174.907,0.3,122,125.0
778,128,ARG,CA,C,57.443,0.3,122,125.0
779,128,ARG,CB,C,27.556,0.3,122,125.0
780,128,ARG,N,N,122.131,0.3,122,125.0
781,129,ILE,H,H,7.954,0.02,123,126.0
782,129,ILE,HD11,H,0.455,0.02,123,126.0
783,129,ILE,HD12,H,0.455,0.02,123,126.0
784,129,ILE,HD13,H,0.455,0.02,123,126.0
785,129,ILE,C,C,177.686,0.3,123,126.0
786,129,ILE,CA,C,63.554,0.3,123,126.0
787,129,ILE,CB,C,36.445,0.3,123,126.0
788,129,ILE,CD1,C,14.475,0.3,123,126.0
789,129,ILE,N,N,118.712,0.3,123,126.0
790,130,ALA,H,H,7.316,0.02,124,127.0
791,130,ALA,C,C,178.975,0.3,124,127.0
792,130,ALA,CA,C,53.777,0.3,124,127.0
793,130,ALA,CB,C,16.779,0.3,124,127.0
794,130,ALA,N,N,118.576,0.3,124,127.0
795,131,ALA,H,H,6.983,0.02,125,128.0
796,131,ALA,C,C,180.534,0.3,125,128.0
797,131,ALA,CA,C,54.11,0.3,125,128.0
798,131,ALA,CB,C,16.446,0.3,125,128.0
799,131,ALA,N,N,120.86,0.3,125,128.0
800,132,TRP,H,H,8.779,0.02,126,129.0
801,132,TRP,HE1,H,9.75,0.02,126,129.0
802,132,TRP,C,C,181.239,0.3,126,129.0
803,132,TRP,CA,C,56.999,0.3,126,129.0
804,132,TRP,CB,C,26.89,0.3,126,129.0
805,132,TRP,N,N,122.131,0.3,126,129.0
806,132,TRP,NE1,N,128.167,0.3,126,129.0
807,133,MET,H,H,8.856,0.02,127,130.0
808,133,MET,C,C,177.619,0.3,127,130.0
809,133,MET,CA,C,58.618,0.3,127,130.0
810,133,MET,CB,C,33.201,0.3,127,130.0
811,133,MET,N,N,117.521,0.3,127,130.0
812,134,ALA,H,H,8.459,0.02,128,131.0
813,134,ALA,C,C,178.941,0.3,128,131.0
814,134,ALA,CA,C,55.221,0.3,128,131.0
815,134,ALA,CB,C,16.113,0.3,128,131.0
816,134,ALA,N,N,122.133,0.3,128,131.0
817,135,THR,H,H,8.603,0.02,129,132.0
818,135,THR,C,C,175.294,0.3,129,132.0
819,135,THR,CA,C,66.11,0.3,129,132.0
820,135,THR,CB,C,68.221,0.3,129,132.0
821,135,THR,N,N,115.507,0.3,129,132.0
822,136,TYR,H,H,8.136,0.02,130,133.0
823,136,TYR,C,C,178.975,0.3,130,133.0
824,136,TYR,CA,C,62.443,0.3,130,133.0
825,136,TYR,CB,C,37.445,0.3,130,133.0
826,136,TYR,N,N,123.303,0.3,130,133.0
827,137,LEU,H,H,8.638,0.02,131,134.0
828,137,LEU,HD11,H,0.004,0.02,131,134.0
829,137,LEU,HD12,H,0.004,0.02,131,134.0
830,137,LEU,HD13,H,0.004,0.02,131,134.0
831,137,LEU,HD21,H,1.055,0.02,131,134.0
832,137,LEU,HD22,H,1.055,0.02,131,134.0
833,137,LEU,HD23,H,1.055,0.02,131,134.0
834,137,LEU,C,C,177.449,0.3,131,134.0
835,137,LEU,CA,C,57.999,0.3,131,134.0
836,137,LEU,CB,C,41.222,0.3,131,134.0
837,137,LEU,CD1,C,23.069,0.3,131,134.0
838,137,LEU,CD2,C,23.198,0.3,131,134.0
839,137,LEU,N,N,119.906,0.3,131,134.0
840,138,ASN,H,H,8.34,0.02,132,135.0
841,138,ASN,C,C,175.991,0.3,132,135.0
842,138,ASN,CA,C,55.888,0.3,132,135.0
843,138,ASN,CB,C,38.111,0.3,132,135.0
844,138,ASN,N,N,117.15,0.3,132,135.0
845,139,ASP,H,H,8.42,0.02,133,136.0
846,139,ASP,C,C,177.178,0.3,133,136.0
847,139,ASP,CA,C,55.444,0.3,133,136.0
848,139,ASP,CB,C,39.667,0.3,133,136.0
849,139,ASP,N,N,115.374,0.3,133,136.0
850,140,HIS,H,H,7.85,0.02,134,137.0
851,140,HIS,C,C,175.144,0.3,134,137.0
852,140,HIS,CA,C,55.221,0.3,134,137.0
853,140,HIS,CB,C,29.556,0.3,134,137.0
854,140,HIS,N,N,113.458,0.3,134,137.0
855,141,LEU,H,H,7.082,0.02,135,138.0
856,141,LEU,HD11,H,-0.394,0.02,135,138.0
857,141,LEU,HD12,H,-0.394,0.02,135,138.0
858,141,LEU,HD13,H,-0.394,0.02,135,138.0
859,141,LEU,HD21,H,1.063,0.02,135,138.0
860,141,LEU,HD22,H,1.063,0.02,135,138.0
861,141,LEU,HD23,H,1.063,0.02,135,138.0
862,141,LEU,C,C,176.432,0.3,135,138.0
863,141,LEU,CA,C,55.332,0.3,135,138.0
864,141,LEU,CB,C,41.444,0.3,135,138.0
865,141,LEU,CD1,C,21.654,0.3,135,138.0
866,141,LEU,CD2,C,25.591,0.3,135,138.0
867,141,LEU,N,N,117.65,0.3,135,138.0
868,142,GLU,H,H,8.579,0.02,136,139.0
869,142,GLU,C,C,173.586,0.3,136,139.0
870,142,GLU,CA,C,59.666,0.3,136,139.0
871,142,GLU,CB,C,25.779,0.3,136,139.0
872,142,GLU,N,N,121.897,0.3,136,139.0
873,144,TRP,H,H,6.937,0.02,137,141.0
874,144,TRP,HE1,H,9.451,0.02,137,141.0
875,144,TRP,C,C,178.907,0.3,137,141.0
876,144,TRP,CA,C,60.999,0.3,137,141.0
877,144,TRP,CB,C,27.223,0.3,137,141.0
878,144,TRP,N,N,118.225,0.3,137,141.0
879,144,TRP,NE1,N,129.925,0.3,137,141.0
880,145,ILE,H,H,8.313,0.02,138,142.0
881,145,ILE,HD11,H,0.362,0.02,138,142.0
882,145,ILE,HD12,H,0.362,0.02,138,142.0
883,145,ILE,HD13,H,0.362,0.02,138,142.0
884,145,ILE,C,C,178.805,0.3,138,142.0
885,145,ILE,CA,C,64.74,0.3,138,142.0
886,145,ILE,CB,C,36.451,0.3,138,142.0
887,145,ILE,CD1,C,13.118,0.3,138,142.0
888,145,ILE,N,N,123.186,0.3,138,142.0
889,146,GLN,H,H,8.388,0.02,139,143.0
890,146,GLN,C,C,179.042,0.3,139,143.0
891,146,GLN,CA,C,57.777,0.3,139,143.0
892,146,GLN,CB,C,26.779,0.3,139,143.0
893,146,GLN,N,N,116.916,0.3,139,143.0
894,147,GLU,H,H,7.382,0.02,140,144.0
895,147,GLU,C,C,176.432,0.3,140,144.0
896,147,GLU,CA,C,56.666,0.3,140,144.0
897,147,GLU,CB,C,28.556,0.3,140,144.0
898,147,GLU,N,N,119.455,0.3,140,144.0
899,148,ASN,H,H,7.033,0.02,141,145.0
900,148,ASN,C,C,173.517,0.3,141,145.0
901,148,ASN,CA,C,52.444,0.3,141,145.0
902,148,ASN,CB,C,36.889,0.3,141,145.0
903,148,ASN,N,N,117.528,0.3,141,145.0
904,149,GLY,H,H,7.332,0.02,142,146.0
905,149,GLY,C,C,175.551,0.3,142,146.0
906,149,GLY,CA,C,44.444,0.3,142,146.0
907,149,GLY,N,N,105.528,0.3,142,146.0
908,150,GLY,H,H,8.402,0.02,143,147.0
909,150,GLY,C,C,172.94,0.3,143,147.0
910,150,GLY,CA,C,43.333,0.3,143,147.0
911,150,GLY,N,N,109.181,0.3,143,147.0
912,151,TRP,H,H,8.593,0.02,144,148.0
913,151,TRP,HE1,H,10.493,0.02,144,148.0
914,151,TRP,C,C,178.33,0.3,144,148.0
915,151,TRP,CA,C,59.443,0.3,144,148.0
916,151,TRP,CB,C,28.778,0.3,144,148.0
917,151,TRP,N,N,118.526,0.3,144,148.0
918,151,TRP,NE1,N,129.574,0.3,144,148.0
919,152,ASP,H,H,8.756,0.02,145,149.0
920,152,ASP,C,C,179.11,0.3,145,149.0
921,152,ASP,CA,C,56.666,0.3,145,149.0
922,152,ASP,CB,C,39.333,0.3,145,149.0
923,152,ASP,N,N,117.854,0.3,145,149.0
924,153,THR,H,H,7.452,0.02,146,150.0
925,153,THR,C,C,174.771,0.3,146,150.0
926,153,THR,CA,C,65.332,0.3,146,150.0
927,153,THR,CB,C,67.221,0.3,146,150.0
928,153,THR,N,N,117.209,0.3,146,150.0
929,154,PHE,H,H,6.386,0.02,147,151.0
930,154,PHE,C,C,176.296,0.3,147,151.0
931,154,PHE,CA,C,60.665,0.3,147,151.0
932,154,PHE,CB,C,36.667,0.3,147,151.0
933,154,PHE,N,N,122.542,0.3,147,151.0
934,155,VAL,H,H,7.855,0.02,148,152.0
935,155,VAL,HG11,H,0.95,0.02,148,152.0
936,155,VAL,HG12,H,0.95,0.02,148,152.0
937,155,VAL,HG13,H,0.95,0.02,148,152.0
938,155,VAL,C,C,178.361,0.3,148,152.0
939,155,VAL,CA,C,65.467,0.3,148,152.0
940,155,VAL,CB,C,30.334,0.3,148,152.0
941,155,VAL,CG1,C,21.68,0.3,148,152.0
942,155,VAL,N,N,118.052,0.3,148,152.0
943,156,GLU,H,H,7.35,0.02,149,153.0
944,156,GLU,C,C,177.754,0.3,149,153.0
945,156,GLU,CA,C,56.221,0.3,149,153.0
946,156,GLU,CB,C,27.759,0.3,149,153.0
947,156,GLU,N,N,119.747,0.3,149,153.0
948,157,LEU,H,H,7.56,0.02,150,154.0
949,157,LEU,HD11,H,0.727,0.02,150,154.0
950,157,LEU,HD12,H,0.727,0.02,150,154.0
951,157,LEU,HD13,H,0.727,0.02,150,154.0
952,157,LEU,C,C,178.108,0.3,150,154.0
953,157,LEU,CA,C,57.986,0.3,150,154.0
954,157,LEU,CB,C,42.0,0.3,150,154.0
955,157,LEU,CD1,C,22.901,0.3,150,154.0
956,157,LEU,N,N,118.512,0.3,150,154.0
957,158,TYR,H,H,7.617,0.02,151,155.0
958,158,TYR,C,C,176.907,0.3,151,155.0
959,158,TYR,CA,C,58.698,0.3,151,155.0
960,158,TYR,CB,C,37.554,0.3,151,155.0
961,158,TYR,N,N,114.37,0.3,151,155.0
962,159,GLY,H,H,7.727,0.02,152,156.0
963,159,GLY,C,C,173.957,0.3,152,156.0
964,159,GLY,CA,C,44.889,0.3,152,156.0
965,159,GLY,N,N,107.891,0.3,152,156.0
966,160,ASN,H,H,8.158,0.02,153,157.0
967,160,ASN,C,C,175.076,0.3,153,157.0
968,160,ASN,CA,C,52.739,0.3,153,157.0
969,160,ASN,CB,C,37.454,0.3,153,157.0
970,160,ASN,N,N,119.019,0.3,153,157.0
971,161,ASN,H,H,8.219,0.02,154,158.0
972,161,ASN,C,C,175.415,0.3,154,158.0
973,161,ASN,CA,C,53.221,0.3,154,158.0
974,161,ASN,CB,C,37.889,0.3,154,158.0
975,161,ASN,N,N,119.63,0.3,154,158.0
976,162,ALA,H,H,8.145,0.02,155,159.0
977,162,ALA,C,C,178.364,0.3,155,159.0
978,162,ALA,CA,C,53.071,0.3,155,159.0
979,162,ALA,CB,C,17.296,0.3,155,159.0
980,162,ALA,N,N,124.007,0.3,155,159.0
981,163,ALA,H,H,8.034,0.02,156,160.0
982,163,ALA,C,C,178.364,0.3,156,160.0
983,163,ALA,CA,C,52.555,0.3,156,160.0
984,163,ALA,CB,C,17.113,0.3,156,160.0
985,163,ALA,N,N,121.998,0.3,156,160.0
986,164,ALA,H,H,7.867,0.02,157,161.0
987,164,ALA,C,C,178.907,0.3,157,161.0
988,164,ALA,CA,C,52.666,0.3,157,161.0
989,164,ALA,CB,C,17.335,0.3,157,161.0
990,164,ALA,N,N,122.556,0.3,157,161.0
991,165,GLU,H,H,8.192,0.02,158,162.0
992,165,GLU,C,C,177.652,0.3,158,162.0
993,165,GLU,CA,C,56.888,0.3,158,162.0
994,165,GLU,CB,C,28.445,0.3,158,162.0
995,165,GLU,N,N,118.978,0.3,158,162.0
996,166,SER,H,H,7.999,0.02,159,163.0
997,166,SER,C,C,175.11,0.3,159,163.0
998,166,SER,CA,C,58.777,0.3,159,163.0
999,166,SER,CB,C,62.221,0.3,159,163.0
1000,166,SER,N,N,115.547,0.3,159,163.0
1001,167,ARG,H,H,7.877,0.02,160,164.0
1002,167,ARG,C,C,176.703,0.3,160,164.0
1003,167,ARG,CA,C,56.221,0.3,160,164.0
1004,167,ARG,CB,C,29.112,0.3,160,164.0
1005,167,ARG,N,N,122.144,0.3,160,164.0
1006,168,LYS,H,H,7.939,0.02,161,165.0
1007,168,LYS,C,C,177.381,0.3,161,165.0
1008,168,LYS,CA,C,56.555,0.3,161,165.0
1009,168,LYS,CB,C,31.334,0.3,161,165.0
1010,168,LYS,N,N,121.135,0.3,161,165.0
1011,169,GLY,H,H,8.245,0.02,162,
1012,169,GLY,C,C,174.364,0.3,162,
1013,169,GLY,CA,C,44.778,0.3,162,
1014,169,GLY,N,N,109.474,0.3,162,
1015,170,GLN,H,H,7.986,0.02,163,
1016,170,GLN,C,C,176.161,0.3,163,
1017,170,GLN,CA,C,55.221,0.3,163,
1018,170,GLN,CB,C,27.89,0.3,163,
1019,170,GLN,N,N,120.139,0.3,163,
1020,171,GLU,H,H,8.361,0.02,164,
1021,171,GLU,C,C,176.466,0.3,164,
1022,171,GLU,CA,C,56.444,0.3,164,
1023,171,GLU,CB,C,28.445,0.3,164,
1024,171,GLU,N,N,121.897,0.3,164,
1025,172,ARG,H,H,8.129,0.02,165,
1026,172,ARG,C,C,176.059,0.3,165,
1027,172,ARG,CA,C,55.444,0.3,165,
1028,172,ARG,CB,C,29.001,0.3,165,
1029,172,ARG,N,N,121.545,0.3,165,
1030,173,LEU,H,H,8.02,0.02,166,
1031,173,LEU,HD11,H,0.796,0.02,166,
1032,173,LEU,HD12,H,0.796,0.02,166,
1033,173,LEU,HD13,H,0.796,0.02,166,
1034,173,LEU,C,C,177.11,0.3,166,
1035,173,LEU,CA,C,54.221,0.3,166,
1036,173,LEU,CB,C,40.778,0.3,166,
1037,173,LEU,CD1,C,24.471,0.3,166,
1038,173,LEU,N,N,123.069,0.3,166,
1039,174,GLU,H,H,8.177,0.02,167,
1040,174,GLU,C,C,176.053,0.3,167,
1041,174,GLU,CA,C,55.666,0.3,167,
1042,174,GLU,CB,C,28.778,0.3,167,
1043,174,GLU,N,N,121.194,0.3,167,
1044,2,GLU,H,H,7.734,0.02,168,
1045,2,GLU,HA,H,4.169,0.02,168,
1046,2,GLU,HB2,H,2.025,0.02,168,
1047,2,GLU,HB3,H,1.923,0.02,168,
1048,2,GLU,HG2,H,2.263,0.02,168,
1049,2,GLU,HG3,H,2.206,0.02,168,
1050,3,GLN,H,H,7.739,0.02,169,
1051,3,GLN,HA,H,4.055,0.02,169,
1052,3,GLN,HB2,H,2.025,0.02,169,
1053,3,GLN,HB3,H,2.025,0.02,169,
1054,3,GLN,HG2,H,2.168,0.02,169,
1055,3,GLN,HG3,H,2.168,0.02,169,
1056,4,TRP,H,H,8.009,0.02,170,
1057,4,TRP,HA,H,3.848,0.02,170,
1058,4,TRP,HB2,H,2.976,0.02,170,
1059,4,TRP,HB3,H,3.114,0.02,170,
1060,4,TRP,HD1,H,7.359,0.02,170,
1061,4,TRP,HE1,H,10.27,0.02,170,
1062,4,TRP,HE3,H,6.723,0.02,170,
1063,4,TRP,HZ2,H,7.51,0.02,170,
1064,4,TRP,HZ3,H,7.451,0.02,170,
1065,4,TRP,HH2,H,7.037,0.02,170,
1066,5,ALA,H,H,7.801,0.02,171,
1067,5,ALA,HA,H,4.236,0.02,171,
1068,5,ALA,HB1,H,1.541,0.02,171,
1069,5,ALA,HB2,H,1.541,0.02,171,
1070,5,ALA,HB3,H,1.541,0.02,171,
1071,6,ARG,HA,H,4.079,0.02,172,
1072,6,ARG,HB2,H,1.777,0.02,172,
1073,6,ARG,HB3,H,1.777,0.02,172,
1074,6,ARG,HG2,H,1.632,0.02,172,
1075,6,ARG,HG3,H,1.632,0.02,172,
1076,7,GLU,HA,H,3.883,0.02,173,
1077,7,GLU,HB2,H,1.987,0.02,173,
1078,7,GLU,HB3,H,1.915,0.02,173,
1079,7,GLU,HG2,H,2.206,0.02,173,
1080,7,GLU,HG3,H,2.206,0.02,173,
1081,8,ILE,HA,H,3.663,0.02,174,
1082,8,ILE,HB,H,1.914,0.02,174,
1083,8,ILE,HG12,H,1.635,0.02,174,
1084,8,ILE,HG13,H,1.635,0.02,174,
1085,8,ILE,HG21,H,0.883,0.02,174,
1086,8,ILE,HG22,H,0.883,0.02,174,
1087,8,ILE,HG23,H,0.883,0.02,174,
1088,8,ILE,HD11,H,0.695,0.02,174,
1089,8,ILE,HD12,H,0.695,0.02,174,
1090,8,ILE,HD13,H,0.695,0.02,174,
1091,9,GLY,HA2,H,3.567,0.02,175,166.0
1092,9,GLY,HA3,H,3.475,0.02,175,166.0
1093,10,ALA,HA,H,3.987,0.02,176,
1094,10,ALA,HB1,H,1.412,0.02,176,
1095,10,ALA,HB2,H,1.412,0.02,176,
1096,10,ALA,HB3,H,1.412,0.02,176,
1097,11,GLN,H,H,7.662,0.02,177,
1098,11,GLN,HA,H,3.965,0.02,177,
1099,11,GLN,HB2,H,1.933,0.02,177,
1100,11,GLN,HB3,H,2.023,0.02,177,
1101,11,GLN,HG2,H,2.216,0.02,177,
1102,11,GLN,HG3,H,2.17,0.02,177,
1103,12,LEU,H,H,7.23,0.02,178,
1104,12,LEU,HA,H,3.698,0.02,178,
1105,12,LEU,HB2,H,1.829,0.02,178,
1106,12,LEU,HB3,H,1.829,0.02,178,
1107,12,LEU,HG,H,1.387,0.02,178,
1108,12,LEU,HD11,H,1.087,0.02,178,
1109,12,LEU,HD12,H,1.087,0.02,178,
1110,12,LEU,HD13,H,1.087,0.02,178,
1111,12,LEU,HD21,H,1.087,0.02,178,
1112,12,LEU,HD22,H,1.087,0.02,178,
1113,12,LEU,HD23,H,1.087,0.02,178,
1114,13,ARG,H,H,8.032,0.02,179,
1115,13,ARG,HA,H,3.574,0.02,179,
1116,13,ARG,HB2,H,1.533,0.02,179,
1117,13,ARG,HB3,H,1.678,0.02,179,
1118,13,ARG,HG2,H,1.395,0.02,179,
1119,13,ARG,HG3,H,1.395,0.02,179,
1120,13,ARG,HD2,H,3.078,0.02,179,
1121,13,ARG,HD3,H,3.078,0.02,179,
1122,14,ARG,H,H,8.166,0.02,180,
1123,14,ARG,HA,H,4.28,0.02,180,
1124,14,ARG,HB2,H,1.732,0.02,180,
1125,14,ARG,HB3,H,1.843,0.02,180,
1126,14,ARG,HG2,H,1.555,0.02,180,
1127,14,ARG,HG3,H,1.555,0.02,180,
1128,15,MET,HA,H,3.673,0.02,181,
1129,15,MET,HB2,H,2.048,0.02,181,
1130,15,MET,HB3,H,2.048,0.02,181,
1131,15,MET,HG2,H,2.27,0.02,181,
1132,15,MET,HG3,H,2.27,0.02,181,
1133,15,MET,HE1,H,1.249,0.02,181,
1134,15,MET,HE2,H,1.249,0.02,181,
1135,15,MET,HE3,H,1.249,0.02,181,
1136,16,ALA,H,H,7.736,0.02,182,
1137,16,ALA,HA,H,3.998,0.02,182,
1138,16,ALA,HB1,H,1.139,0.02,182,
1139,16,ALA,HB2,H,1.139,0.02,182,
1140,16,ALA,HB3,H,1.139,0.02,182,
1141,17,ASP,H,H,8.095,0.02,183,
1142,17,ASP,HA,H,4.498,0.02,183,
1143,17,ASP,HB2,H,2.671,0.02,183,
1144,17,ASP,HB3,H,2.671,0.02,183,
1145,18,ASP,H,H,8.009,0.02,184,
1146,18,ASP,HA,H,3.777,0.02,184,
1147,18,ASP,HB2,H,2.564,0.02,184,
1148,18,ASP,HB3,H,2.564,0.02,184,
1149,19,LEU,H,H,7.157,0.02,185,
1150,19,LEU,HA,H,3.912,0.02,185,
1151,19,LEU,HG,H,1.402,0.02,185,
1152,19,LEU,HD11,H,1.135,0.02,185,
1153,19,LEU,HD12,H,1.135,0.02,185,
1154,19,LEU,HD13,H,1.135,0.02,185,
1155,19,LEU,HD21,H,1.135,0.02,185,
1156,19,LEU,HD22,H,1.135,0.02,185,
1157,19,LEU,HD23,H,1.135,0.02,185,
1158,20,ASN,H,H,7.654,0.02,186,
1159,20,ASN,HA,H,4.28,0.02,186,
1160,20,ASN,HB2,H,2.173,0.02,186,
1161,20,ASN,HB3,H,2.234,0.02,186,
1162,21,ALA,H,H,7.815,0.02,187,
1163,21,ALA,HA,H,4.027,0.02,187,
1164,21,ALA,HB1,H,1.241,0.02,187,
1165,21,ALA,HB2,H,1.241,0.02,187,
1166,21,ALA,HB3,H,1.241,0.02,187,
1167,22,GLN,H,H,7.526,0.02,188,167.0
1168,22,GLN,HA,H,4.353,0.02,188,167.0
1169,22,GLN,HB2,H,2.311,0.02,188,167.0
1170,22,GLN,HB3,H,2.311,0.02,188,167.0
1171,22,GLN,HG2,H,2.426,0.02,188,167.0
1172,22,GLN,HG3,H,2.426,0.02,188,167.0
1173,23,TYR,H,H,7.657,0.02,189,
1174,23,TYR,HA,H,4.155,0.02,189,
1175,23,TYR,HB2,H,3.161,0.02,189,
1176,23,TYR,HB3,H,3.161,0.02,189,
1177,23,TYR,HD1,H,6.945,0.02,189,
1178,23,TYR,HD2,H,6.945,0.02,189,
1179,23,TYR,HE1,H,6.622,0.02,189,
1180,23,TYR,HE2,H,6.622,0.02,189,
1181,24,GLU,H,H,7.658,0.02,190,168.0
1182,24,GLU,HA,H,4.349,0.02,190,168.0
1183,24,GLU,HB2,H,2.019,0.02,190,168.0
1184,24,GLU,HB3,H,2.019,0.02,190,168.0
1185,24,GLU,HG2,H,2.112,0.02,190,168.0
1186,24,GLU,HG3,H,2.112,0.02,190,168.0
1187,25,ARG,H,H,7.805,0.02,191,169.0
1188,25,ARG,HA,H,4.153,0.02,191,169.0
1189,25,ARG,HB2,H,1.839,0.02,191,169.0
1190,25,ARG,HB3,H,1.715,0.02,191,169.0
1191,25,ARG,HG2,H,1.581,0.02,191,169.0
1192,25,ARG,HG3,H,1.581,0.02,191,169.0
1193,25,ARG,HD2,H,3.127,0.02,191,169.0
1194,25,ARG,HD3,H,3.127,0.02,191,169.0
